"","FROM","TO","REGION.TO","REGION.FROM","value"
"1","Aracajú","Aracajú","Northeast","Northeast","0"
"2","Aracajú","Belém","North","Northeast","2079"
"3","Aracajú","Belo Horizonte","Southeast","Northeast","1578"
"4","Aracajú","Boa Vista","North","Northeast","6000"
"5","Aracajú","Brasília","Midwest","Northeast","1652"
"6","Aracajú","Campo Grande","Midwest","Northeast","2765"
"7","Aracajú","Cuiabá","Midwest","Northeast","2775"
"8","Aracajú","Curitiba","South","Northeast","2595"
"9","Aracajú","Florianópolis","South","Northeast","2892"
"10","Aracajú","Fortaleza","Northeast","Northeast","1183"
"11","Aracajú","Goiânia","Midwest","Northeast","1848"
"12","Aracajú","João Pessoa","Northeast","Northeast","611"
"13","Aracajú","Macapá","North","Northeast",NA
"14","Aracajú","Maceió","Northeast","Northeast","294"
"15","Aracajú","Manaus","North","Northeast","5215"
"16","Aracajú","Natal","Northeast","Northeast","788"
"17","Aracajú","Palmas","Midwest","Northeast","1662"
"18","Aracajú","Porto Alegre","South","Northeast","3296"
"19","Aracajú","Porto Velho","North","Northeast","4230"
"20","Aracajú","Recife","Northeast","Northeast","501"
"21","Aracajú","Rio Branco","North","Northeast","4763"
"22","Aracajú","R. Janeiro","Southeast","Northeast","1855"
"23","Aracajú","Salvador","Northeast","Northeast","356"
"24","Aracajú","São Luis","Northeast","Northeast","1578"
"25","Aracajú","São Paulo","Southeast","Northeast","2187"
"26","Aracajú","Teresina","Northeast","Northeast","1142"
"27","Aracajú","Vitória","Southeast","Northeast","1408"
"28","Belém","Aracajú","Northeast","North","2079"
"29","Belém","Belém","North","North","0"
"30","Belém","Belo Horizonte","Southeast","North","2824"
"31","Belém","Boa Vista","North","North","6083"
"32","Belém","Brasília","Midwest","North","2120"
"33","Belém","Campo Grande","Midwest","North","2942"
"34","Belém","Cuiabá","Midwest","North","2941"
"35","Belém","Curitiba","South","North","3193"
"36","Belém","Florianópolis","South","North","3500"
"37","Belém","Fortaleza","Northeast","North","1610"
"38","Belém","Goiânia","Midwest","North","2017"
"39","Belém","João Pessoa","Northeast","North","2161"
"40","Belém","Macapá","North","North",NA
"41","Belém","Maceió","Northeast","North","2173"
"42","Belém","Manaus","North","North","5298"
"43","Belém","Natal","Northeast","North","2108"
"44","Belém","Palmas","Midwest","North","1283"
"45","Belém","Porto Alegre","South","North","3852"
"46","Belém","Porto Velho","North","North","4397"
"47","Belém","Recife","Northeast","North","2074"
"48","Belém","Rio Branco","North","North","4931"
"49","Belém","R. Janeiro","Southeast","North","3250"
"50","Belém","Salvador","Northeast","North","2100"
"51","Belém","São Luis","Northeast","North","806"
"52","Belém","São Paulo","Southeast","North","2933"
"53","Belém","Teresina","Northeast","North","947"
"54","Belém","Vitória","Southeast","North","3108"
"55","Belo Horizonte","Aracajú","Northeast","Southeast","1578"
"56","Belo Horizonte","Belém","North","Southeast","2824"
"57","Belo Horizonte","Belo Horizonte","Southeast","Southeast","0"
"58","Belo Horizonte","Boa Vista","North","Southeast","4736"
"59","Belo Horizonte","Brasília","Midwest","Southeast","716"
"60","Belo Horizonte","Campo Grande","Midwest","Southeast","1453"
"61","Belo Horizonte","Cuiabá","Midwest","Southeast","1594"
"62","Belo Horizonte","Curitiba","South","Southeast","1004"
"63","Belo Horizonte","Florianópolis","South","Southeast","1301"
"64","Belo Horizonte","Fortaleza","Northeast","Southeast","2528"
"65","Belo Horizonte","Goiânia","Midwest","Southeast","906"
"66","Belo Horizonte","João Pessoa","Northeast","Southeast","2171"
"67","Belo Horizonte","Macapá","North","Southeast",NA
"68","Belo Horizonte","Maceió","Northeast","Southeast","1854"
"69","Belo Horizonte","Manaus","North","Southeast","3951"
"70","Belo Horizonte","Natal","Northeast","Southeast","2348"
"71","Belo Horizonte","Palmas","Midwest","Southeast","1690"
"72","Belo Horizonte","Porto Alegre","South","Southeast","1712"
"73","Belo Horizonte","Porto Velho","North","Southeast","3050"
"74","Belo Horizonte","Recife","Northeast","Southeast","2061"
"75","Belo Horizonte","Rio Branco","North","Southeast","3584"
"76","Belo Horizonte","R. Janeiro","Southeast","Southeast","434"
"77","Belo Horizonte","Salvador","Northeast","Southeast","1372"
"78","Belo Horizonte","São Luis","Northeast","Southeast","2738"
"79","Belo Horizonte","São Paulo","Southeast","Southeast","586"
"80","Belo Horizonte","Teresina","Northeast","Southeast","2302"
"81","Belo Horizonte","Vitória","Southeast","Southeast","524"
"82","Boa Vista","Aracajú","Northeast","North","6000"
"83","Boa Vista","Belém","North","North","6083"
"84","Boa Vista","Belo Horizonte","Southeast","North","4736"
"85","Boa Vista","Boa Vista","North","North","0"
"86","Boa Vista","Brasília","Midwest","North","4275"
"87","Boa Vista","Campo Grande","Midwest","North","3836"
"88","Boa Vista","Cuiabá","Midwest","North","3142"
"89","Boa Vista","Curitiba","South","North","4821"
"90","Boa Vista","Florianópolis","South","North","5128"
"91","Boa Vista","Fortaleza","Northeast","North","6548"
"92","Boa Vista","Goiânia","Midwest","North","4076"
"93","Boa Vista","João Pessoa","Northeast","North","6593"
"94","Boa Vista","Macapá","North","North",NA
"95","Boa Vista","Maceió","Northeast","North","6279"
"96","Boa Vista","Manaus","North","North","785"
"97","Boa Vista","Natal","Northeast","North","6770"
"98","Boa Vista","Palmas","Midwest","North","4926"
"99","Boa Vista","Porto Alegre","South","North","5348"
"100","Boa Vista","Porto Velho","North","North","1686"
"101","Boa Vista","Recife","Northeast","North","6483"
"102","Boa Vista","Rio Branco","North","North","2230"
"103","Boa Vista","R. Janeiro","Southeast","North","5159"
"104","Boa Vista","Salvador","Northeast","North","5794"
"105","Boa Vista","São Luis","Northeast","North","6120"
"106","Boa Vista","São Paulo","Southeast","North","4756"
"107","Boa Vista","Teresina","Northeast","North","6052"
"108","Boa Vista","Vitória","Southeast","North","5261"
"109","Brasília","Aracajú","Northeast","Midwest","1652"
"110","Brasília","Belém","North","Midwest","2120"
"111","Brasília","Belo Horizonte","Southeast","Midwest","716"
"112","Brasília","Boa Vista","North","Midwest","4275"
"113","Brasília","Brasília","Midwest","Midwest","0"
"114","Brasília","Campo Grande","Midwest","Midwest","1134"
"115","Brasília","Cuiabá","Midwest","Midwest","1133"
"116","Brasília","Curitiba","South","Midwest","1366"
"117","Brasília","Florianópolis","South","Midwest","1673"
"118","Brasília","Fortaleza","Northeast","Midwest","2200"
"119","Brasília","Goiânia","Midwest","Midwest","209"
"120","Brasília","João Pessoa","Northeast","Midwest","2245"
"121","Brasília","Macapá","North","Midwest",NA
"122","Brasília","Maceió","Northeast","Midwest","1930"
"123","Brasília","Manaus","North","Midwest","3490"
"124","Brasília","Natal","Northeast","Midwest","2422"
"125","Brasília","Palmas","Midwest","Midwest","973"
"126","Brasília","Porto Alegre","South","Midwest","2027"
"127","Brasília","Porto Velho","North","Midwest","2589"
"128","Brasília","Recife","Northeast","Midwest","2135"
"129","Brasília","Rio Branco","North","Midwest","3123"
"130","Brasília","R. Janeiro","Southeast","Midwest","1148"
"131","Brasília","Salvador","Northeast","Midwest","1446"
"132","Brasília","São Luis","Northeast","Midwest","2157"
"133","Brasília","São Paulo","Southeast","Midwest","1015"
"134","Brasília","Teresina","Northeast","Midwest","1789"
"135","Brasília","Vitória","Southeast","Midwest","1239"
"136","Campo Grande","Aracajú","Northeast","Midwest","2765"
"137","Campo Grande","Belém","North","Midwest","2942"
"138","Campo Grande","Belo Horizonte","Southeast","Midwest","1453"
"139","Campo Grande","Boa Vista","North","Midwest","3836"
"140","Campo Grande","Brasília","Midwest","Midwest","1134"
"141","Campo Grande","Campo Grande","Midwest","Midwest","0"
"142","Campo Grande","Cuiabá","Midwest","Midwest","694"
"143","Campo Grande","Curitiba","South","Midwest","991"
"144","Campo Grande","Florianópolis","South","Midwest","1298"
"145","Campo Grande","Fortaleza","Northeast","Midwest","3407"
"146","Campo Grande","Goiânia","Midwest","Midwest","935"
"147","Campo Grande","João Pessoa","Northeast","Midwest","3357"
"148","Campo Grande","Macapá","North","Midwest",NA
"149","Campo Grande","Maceió","Northeast","Midwest","3040"
"150","Campo Grande","Manaus","North","Midwest","3051"
"151","Campo Grande","Natal","Northeast","Midwest","3534"
"152","Campo Grande","Palmas","Midwest","Midwest","1785"
"153","Campo Grande","Porto Alegre","South","Midwest","1518"
"154","Campo Grande","Porto Velho","North","Midwest","2150"
"155","Campo Grande","Recife","Northeast","Midwest","3247"
"156","Campo Grande","Rio Branco","North","Midwest","2684"
"157","Campo Grande","R. Janeiro","Southeast","Midwest","1444"
"158","Campo Grande","Salvador","Northeast","Midwest","2568"
"159","Campo Grande","São Luis","Northeast","Midwest","2979"
"160","Campo Grande","São Paulo","Southeast","Midwest","1014"
"161","Campo Grande","Teresina","Northeast","Midwest","2911"
"162","Campo Grande","Vitória","Southeast","Midwest","1892"
"163","Cuiabá","Aracajú","Northeast","Midwest","2775"
"164","Cuiabá","Belém","North","Midwest","2941"
"165","Cuiabá","Belo Horizonte","Southeast","Midwest","1594"
"166","Cuiabá","Boa Vista","North","Midwest","3142"
"167","Cuiabá","Brasília","Midwest","Midwest","1133"
"168","Cuiabá","Campo Grande","Midwest","Midwest","694"
"169","Cuiabá","Cuiabá","Midwest","Midwest","0"
"170","Cuiabá","Curitiba","South","Midwest","1679"
"171","Cuiabá","Florianópolis","South","Midwest","1986"
"172","Cuiabá","Fortaleza","Northeast","Midwest","3406"
"173","Cuiabá","Goiânia","Midwest","Midwest","934"
"174","Cuiabá","João Pessoa","Northeast","Midwest","3366"
"175","Cuiabá","Macapá","North","Midwest",NA
"176","Cuiabá","Maceió","Northeast","Midwest","3049"
"177","Cuiabá","Manaus","North","Midwest","2357"
"178","Cuiabá","Natal","Northeast","Midwest","3543"
"179","Cuiabá","Palmas","Midwest","Midwest","1784"
"180","Cuiabá","Porto Alegre","South","Midwest","2206"
"181","Cuiabá","Porto Velho","North","Midwest","1456"
"182","Cuiabá","Recife","Northeast","Midwest","3255"
"183","Cuiabá","Rio Branco","North","Midwest","1990"
"184","Cuiabá","R. Janeiro","Southeast","Midwest","2017"
"185","Cuiabá","Salvador","Northeast","Midwest","2566"
"186","Cuiabá","São Luis","Northeast","Midwest","2978"
"187","Cuiabá","São Paulo","Southeast","Midwest","1614"
"188","Cuiabá","Teresina","Northeast","Midwest","2910"
"189","Cuiabá","Vitória","Southeast","Midwest","2119"
"190","Curitiba","Aracajú","Northeast","South","2595"
"191","Curitiba","Belém","North","South","3193"
"192","Curitiba","Belo Horizonte","Southeast","South","1004"
"193","Curitiba","Boa Vista","North","South","4821"
"194","Curitiba","Brasília","Midwest","South","1366"
"195","Curitiba","Campo Grande","Midwest","South","991"
"196","Curitiba","Cuiabá","Midwest","South","1679"
"197","Curitiba","Curitiba","South","South","0"
"198","Curitiba","Florianópolis","South","South","300"
"199","Curitiba","Fortaleza","Northeast","South","3541"
"200","Curitiba","Goiânia","Midwest","South","1186"
"201","Curitiba","João Pessoa","Northeast","South","3188"
"202","Curitiba","Macapá","North","South",NA
"203","Curitiba","Maceió","Northeast","South","2871"
"204","Curitiba","Manaus","North","South","4036"
"205","Curitiba","Natal","Northeast","South","3365"
"206","Curitiba","Palmas","Midwest","South","2036"
"207","Curitiba","Porto Alegre","South","South","711"
"208","Curitiba","Porto Velho","North","South","3135"
"209","Curitiba","Recife","Northeast","South","3078"
"210","Curitiba","Rio Branco","North","South","3669"
"211","Curitiba","R. Janeiro","Southeast","South","852"
"212","Curitiba","Salvador","Northeast","South","2385"
"213","Curitiba","São Luis","Northeast","South","3230"
"214","Curitiba","São Paulo","Southeast","South","408"
"215","Curitiba","Teresina","Northeast","South","3143"
"216","Curitiba","Vitória","Southeast","South","1300"
"217","Florianópolis","Aracajú","Northeast","South","2892"
"218","Florianópolis","Belém","North","South","3500"
"219","Florianópolis","Belo Horizonte","Southeast","South","1301"
"220","Florianópolis","Boa Vista","North","South","5128"
"221","Florianópolis","Brasília","Midwest","South","1673"
"222","Florianópolis","Campo Grande","Midwest","South","1298"
"223","Florianópolis","Cuiabá","Midwest","South","1986"
"224","Florianópolis","Curitiba","South","South","300"
"225","Florianópolis","Florianópolis","South","South","0"
"226","Florianópolis","Fortaleza","Northeast","South","3838"
"227","Florianópolis","Goiânia","Midwest","South","1493"
"228","Florianópolis","João Pessoa","Northeast","South","3485"
"229","Florianópolis","Macapá","North","South",NA
"230","Florianópolis","Maceió","Northeast","South","3168"
"231","Florianópolis","Manaus","North","South","4443"
"232","Florianópolis","Natal","Northeast","South","3662"
"233","Florianópolis","Palmas","Midwest","South","2336"
"234","Florianópolis","Porto Alegre","South","South","476"
"235","Florianópolis","Porto Velho","North","South","3442"
"236","Florianópolis","Recife","Northeast","South","3375"
"237","Florianópolis","Rio Branco","North","South","3976"
"238","Florianópolis","R. Janeiro","Southeast","South","1144"
"239","Florianópolis","Salvador","Northeast","South","2682"
"240","Florianópolis","São Luis","Northeast","South","3537"
"241","Florianópolis","São Paulo","Southeast","South","705"
"242","Florianópolis","Teresina","Northeast","South","3450"
"243","Florianópolis","Vitória","Southeast","South","1597"
"244","Fortaleza","Aracajú","Northeast","Northeast","1183"
"245","Fortaleza","Belém","North","Northeast","1610"
"246","Fortaleza","Belo Horizonte","Southeast","Northeast","2528"
"247","Fortaleza","Boa Vista","North","Northeast","6548"
"248","Fortaleza","Brasília","Midwest","Northeast","2200"
"249","Fortaleza","Campo Grande","Midwest","Northeast","3407"
"250","Fortaleza","Cuiabá","Midwest","Northeast","3406"
"251","Fortaleza","Curitiba","South","Northeast","3541"
"252","Fortaleza","Florianópolis","South","Northeast","3838"
"253","Fortaleza","Fortaleza","Northeast","Northeast","0"
"254","Fortaleza","Goiânia","Midwest","Northeast","2482"
"255","Fortaleza","João Pessoa","Northeast","Northeast","688"
"256","Fortaleza","Macapá","North","Northeast",NA
"257","Fortaleza","Maceió","Northeast","Northeast","1075"
"258","Fortaleza","Manaus","North","Northeast","5763"
"259","Fortaleza","Natal","Northeast","Northeast","537"
"260","Fortaleza","Palmas","Midwest","Northeast","2035"
"261","Fortaleza","Porto Alegre","South","Northeast","4242"
"262","Fortaleza","Porto Velho","North","Northeast","4862"
"263","Fortaleza","Recife","Northeast","Northeast","800"
"264","Fortaleza","Rio Branco","North","Northeast","5396"
"265","Fortaleza","R. Janeiro","Southeast","Northeast","2805"
"266","Fortaleza","Salvador","Northeast","Northeast","1389"
"267","Fortaleza","São Luis","Northeast","Northeast","1070"
"268","Fortaleza","São Paulo","Southeast","Northeast","3127"
"269","Fortaleza","Teresina","Northeast","Northeast","634"
"270","Fortaleza","Vitória","Southeast","Northeast","2397"
"271","Goiânia","Aracajú","Northeast","Midwest","1848"
"272","Goiânia","Belém","North","Midwest","2017"
"273","Goiânia","Belo Horizonte","Southeast","Midwest","906"
"274","Goiânia","Boa Vista","North","Midwest","4076"
"275","Goiânia","Brasília","Midwest","Midwest","209"
"276","Goiânia","Campo Grande","Midwest","Midwest","935"
"277","Goiânia","Cuiabá","Midwest","Midwest","934"
"278","Goiânia","Curitiba","South","Midwest","1186"
"279","Goiânia","Florianópolis","South","Midwest","1493"
"280","Goiânia","Fortaleza","Northeast","Midwest","2482"
"281","Goiânia","Goiânia","Midwest","Midwest","0"
"282","Goiânia","João Pessoa","Northeast","Midwest","2442"
"283","Goiânia","Macapá","North","Midwest",NA
"284","Goiânia","Maceió","Northeast","Midwest","2125"
"285","Goiânia","Manaus","North","Midwest","3291"
"286","Goiânia","Natal","Northeast","Midwest","2618"
"287","Goiânia","Palmas","Midwest","Midwest","874"
"288","Goiânia","Porto Alegre","South","Midwest","1847"
"289","Goiânia","Porto Velho","North","Midwest","2390"
"290","Goiânia","Recife","Northeast","Midwest","2332"
"291","Goiânia","Rio Branco","North","Midwest","2924"
"292","Goiânia","R. Janeiro","Southeast","Midwest","1338"
"293","Goiânia","Salvador","Northeast","Midwest","1643"
"294","Goiânia","São Luis","Northeast","Midwest","2054"
"295","Goiânia","São Paulo","Southeast","Midwest","926"
"296","Goiânia","Teresina","Northeast","Midwest","1986"
"297","Goiânia","Vitória","Southeast","Midwest","1428"
"298","João Pessoa","Aracajú","Northeast","Northeast","611"
"299","João Pessoa","Belém","North","Northeast","2161"
"300","João Pessoa","Belo Horizonte","Southeast","Northeast","2171"
"301","João Pessoa","Boa Vista","North","Northeast","6593"
"302","João Pessoa","Brasília","Midwest","Northeast","2245"
"303","João Pessoa","Campo Grande","Midwest","Northeast","3357"
"304","João Pessoa","Cuiabá","Midwest","Northeast","3366"
"305","João Pessoa","Curitiba","South","Northeast","3188"
"306","João Pessoa","Florianópolis","South","Northeast","3485"
"307","João Pessoa","Fortaleza","Northeast","Northeast","688"
"308","João Pessoa","Goiânia","Midwest","Northeast","2442"
"309","João Pessoa","João Pessoa","Northeast","Northeast","0"
"310","João Pessoa","Macapá","North","Northeast",NA
"311","João Pessoa","Maceió","Northeast","Northeast","395"
"312","João Pessoa","Manaus","North","Northeast","5808"
"313","João Pessoa","Natal","Northeast","Northeast","185"
"314","João Pessoa","Palmas","Midwest","Northeast","2253"
"315","João Pessoa","Porto Alegre","South","Northeast","3889"
"316","João Pessoa","Porto Velho","North","Northeast","4822"
"317","João Pessoa","Recife","Northeast","Northeast","120"
"318","João Pessoa","Rio Branco","North","Northeast","5356"
"319","João Pessoa","R. Janeiro","Southeast","Northeast","2448"
"320","João Pessoa","Salvador","Northeast","Northeast","949"
"321","João Pessoa","São Luis","Northeast","Northeast","1660"
"322","João Pessoa","São Paulo","Southeast","Northeast","2770"
"323","João Pessoa","Teresina","Northeast","Northeast","1224"
"324","João Pessoa","Vitória","Southeast","Northeast","2001"
"325","Macapá","Aracajú","Northeast","North",NA
"326","Macapá","Belém","North","North",NA
"327","Macapá","Belo Horizonte","Southeast","North",NA
"328","Macapá","Boa Vista","North","North",NA
"329","Macapá","Brasília","Midwest","North",NA
"330","Macapá","Campo Grande","Midwest","North",NA
"331","Macapá","Cuiabá","Midwest","North",NA
"332","Macapá","Curitiba","South","North",NA
"333","Macapá","Florianópolis","South","North",NA
"334","Macapá","Fortaleza","Northeast","North",NA
"335","Macapá","Goiânia","Midwest","North",NA
"336","Macapá","João Pessoa","Northeast","North",NA
"337","Macapá","Macapá","North","North","0"
"338","Macapá","Maceió","Northeast","North",NA
"339","Macapá","Manaus","North","North",NA
"340","Macapá","Natal","Northeast","North",NA
"341","Macapá","Palmas","Midwest","North",NA
"342","Macapá","Porto Alegre","South","North",NA
"343","Macapá","Porto Velho","North","North",NA
"344","Macapá","Recife","Northeast","North",NA
"345","Macapá","Rio Branco","North","North",NA
"346","Macapá","R. Janeiro","Southeast","North",NA
"347","Macapá","Salvador","Northeast","North",NA
"348","Macapá","São Luis","Northeast","North",NA
"349","Macapá","São Paulo","Southeast","North",NA
"350","Macapá","Teresina","Northeast","North",NA
"351","Macapá","Vitória","Southeast","North",NA
"352","Maceió","Aracajú","Northeast","Northeast","294"
"353","Maceió","Belém","North","Northeast","2173"
"354","Maceió","Belo Horizonte","Southeast","Northeast","1854"
"355","Maceió","Boa Vista","North","Northeast","6279"
"356","Maceió","Brasília","Midwest","Northeast","1930"
"357","Maceió","Campo Grande","Midwest","Northeast","3040"
"358","Maceió","Cuiabá","Midwest","Northeast","3049"
"359","Maceió","Curitiba","South","Northeast","2871"
"360","Maceió","Florianópolis","South","Northeast","3168"
"361","Maceió","Fortaleza","Northeast","Northeast","1075"
"362","Maceió","Goiânia","Midwest","Northeast","2125"
"363","Maceió","João Pessoa","Northeast","Northeast","395"
"364","Maceió","Macapá","North","Northeast",NA
"365","Maceió","Maceió","Northeast","Northeast","0"
"366","Maceió","Manaus","North","Northeast","5491"
"367","Maceió","Natal","Northeast","Northeast","572"
"368","Maceió","Palmas","Midwest","Northeast","1851"
"369","Maceió","Porto Alegre","South","Northeast","3572"
"370","Maceió","Porto Velho","North","Northeast","4505"
"371","Maceió","Recife","Northeast","Northeast","285"
"372","Maceió","Rio Branco","North","Northeast","5039"
"373","Maceió","R. Janeiro","Southeast","Northeast","2131"
"374","Maceió","Salvador","Northeast","Northeast","632"
"375","Maceió","São Luis","Northeast","Northeast","1672"
"376","Maceió","São Paulo","Southeast","Northeast","2453"
"377","Maceió","Teresina","Northeast","Northeast","1236"
"378","Maceió","Vitória","Southeast","Northeast","1684"
"379","Manaus","Aracajú","Northeast","North","5215"
"380","Manaus","Belém","North","North","5298"
"381","Manaus","Belo Horizonte","Southeast","North","3951"
"382","Manaus","Boa Vista","North","North","785"
"383","Manaus","Brasília","Midwest","North","3490"
"384","Manaus","Campo Grande","Midwest","North","3051"
"385","Manaus","Cuiabá","Midwest","North","2357"
"386","Manaus","Curitiba","South","North","4036"
"387","Manaus","Florianópolis","South","North","4443"
"388","Manaus","Fortaleza","Northeast","North","5763"
"389","Manaus","Goiânia","Midwest","North","3291"
"390","Manaus","João Pessoa","Northeast","North","5808"
"391","Manaus","Macapá","North","North",NA
"392","Manaus","Maceió","Northeast","North","5491"
"393","Manaus","Manaus","North","North","0"
"394","Manaus","Natal","Northeast","North","5985"
"395","Manaus","Palmas","Midwest","North","4141"
"396","Manaus","Porto Alegre","South","North","4563"
"397","Manaus","Porto Velho","North","North","901"
"398","Manaus","Recife","Northeast","North","5698"
"399","Manaus","Rio Branco","North","North","1445"
"400","Manaus","R. Janeiro","Southeast","North","4374"
"401","Manaus","Salvador","Northeast","North","5009"
"402","Manaus","São Luis","Northeast","North","5335"
"403","Manaus","São Paulo","Southeast","North","3971"
"404","Manaus","Teresina","Northeast","North","5267"
"405","Manaus","Vitória","Southeast","North","4476"
"406","Natal","Aracajú","Northeast","Northeast","788"
"407","Natal","Belém","North","Northeast","2108"
"408","Natal","Belo Horizonte","Southeast","Northeast","2348"
"409","Natal","Boa Vista","North","Northeast","6770"
"410","Natal","Brasília","Midwest","Northeast","2422"
"411","Natal","Campo Grande","Midwest","Northeast","3534"
"412","Natal","Cuiabá","Midwest","Northeast","3543"
"413","Natal","Curitiba","South","Northeast","3365"
"414","Natal","Florianópolis","South","Northeast","3662"
"415","Natal","Fortaleza","Northeast","Northeast","537"
"416","Natal","Goiânia","Midwest","Northeast","2618"
"417","Natal","João Pessoa","Northeast","Northeast","185"
"418","Natal","Macapá","North","Northeast",NA
"419","Natal","Maceió","Northeast","Northeast","572"
"420","Natal","Manaus","North","Northeast","5985"
"421","Natal","Natal","Northeast","Northeast","0"
"422","Natal","Palmas","Midwest","Northeast","2345"
"423","Natal","Porto Alegre","South","Northeast","4066"
"424","Natal","Porto Velho","North","Northeast","4998"
"425","Natal","Recife","Northeast","Northeast","297"
"426","Natal","Rio Branco","North","Northeast","5533"
"427","Natal","R. Janeiro","Southeast","Northeast","2625"
"428","Natal","Salvador","Northeast","Northeast","1126"
"429","Natal","São Luis","Northeast","Northeast","1607"
"430","Natal","São Paulo","Southeast","Northeast","2947"
"431","Natal","Teresina","Northeast","Northeast","1171"
"432","Natal","Vitória","Southeast","Northeast","2178"
"433","Palmas","Aracajú","Northeast","Midwest","1662"
"434","Palmas","Belém","North","Midwest","1283"
"435","Palmas","Belo Horizonte","Southeast","Midwest","1690"
"436","Palmas","Boa Vista","North","Midwest","4926"
"437","Palmas","Brasília","Midwest","Midwest","973"
"438","Palmas","Campo Grande","Midwest","Midwest","1785"
"439","Palmas","Cuiabá","Midwest","Midwest","1784"
"440","Palmas","Curitiba","South","Midwest","2036"
"441","Palmas","Florianópolis","South","Midwest","2336"
"442","Palmas","Fortaleza","Northeast","Midwest","2035"
"443","Palmas","Goiânia","Midwest","Midwest","874"
"444","Palmas","João Pessoa","Northeast","Midwest","2253"
"445","Palmas","Macapá","North","Midwest",NA
"446","Palmas","Maceió","Northeast","Midwest","1851"
"447","Palmas","Manaus","North","Midwest","4141"
"448","Palmas","Natal","Northeast","Midwest","2345"
"449","Palmas","Palmas","Midwest","Midwest","0"
"450","Palmas","Porto Alegre","South","Midwest","2747"
"451","Palmas","Porto Velho","North","Midwest",NA
"452","Palmas","Recife","Northeast","Midwest","2058"
"453","Palmas","Rio Branco","North","Midwest","3764"
"454","Palmas","R. Janeiro","Southeast","Midwest","2124"
"455","Palmas","Salvador","Northeast","Midwest","1454"
"456","Palmas","São Luis","Northeast","Midwest","1386"
"457","Palmas","São Paulo","Southeast","Midwest","1776"
"458","Palmas","Teresina","Northeast","Midwest","1401"
"459","Palmas","Vitória","Southeast","Midwest","2214"
"460","Porto Alegre","Aracajú","Northeast","South","3296"
"461","Porto Alegre","Belém","North","South","3852"
"462","Porto Alegre","Belo Horizonte","Southeast","South","1712"
"463","Porto Alegre","Boa Vista","North","South","5348"
"464","Porto Alegre","Brasília","Midwest","South","2027"
"465","Porto Alegre","Campo Grande","Midwest","South","1518"
"466","Porto Alegre","Cuiabá","Midwest","South","2206"
"467","Porto Alegre","Curitiba","South","South","711"
"468","Porto Alegre","Florianópolis","South","South","476"
"469","Porto Alegre","Fortaleza","Northeast","South","4242"
"470","Porto Alegre","Goiânia","Midwest","South","1847"
"471","Porto Alegre","João Pessoa","Northeast","South","3889"
"472","Porto Alegre","Macapá","North","South",NA
"473","Porto Alegre","Maceió","Northeast","South","3572"
"474","Porto Alegre","Manaus","North","South","4563"
"475","Porto Alegre","Natal","Northeast","South","4066"
"476","Porto Alegre","Palmas","Midwest","South","2747"
"477","Porto Alegre","Porto Alegre","South","South","0"
"478","Porto Alegre","Porto Velho","North","South","3662"
"479","Porto Alegre","Recife","Northeast","South","3779"
"480","Porto Alegre","Rio Branco","North","South","4196"
"481","Porto Alegre","R. Janeiro","Southeast","South","1553"
"482","Porto Alegre","Salvador","Northeast","South","3090"
"483","Porto Alegre","São Luis","Northeast","South","3891"
"484","Porto Alegre","São Paulo","Southeast","South","1109"
"485","Porto Alegre","Teresina","Northeast","South","3804"
"486","Porto Alegre","Vitória","Southeast","South","2001"
"487","Porto Velho","Aracajú","Northeast","North","4230"
"488","Porto Velho","Belém","North","North","4397"
"489","Porto Velho","Belo Horizonte","Southeast","North","3050"
"490","Porto Velho","Boa Vista","North","North","1686"
"491","Porto Velho","Brasília","Midwest","North","2589"
"492","Porto Velho","Campo Grande","Midwest","North","2150"
"493","Porto Velho","Cuiabá","Midwest","North","1456"
"494","Porto Velho","Curitiba","South","North","3135"
"495","Porto Velho","Florianópolis","South","North","3442"
"496","Porto Velho","Fortaleza","Northeast","North","4862"
"497","Porto Velho","Goiânia","Midwest","North","2390"
"498","Porto Velho","João Pessoa","Northeast","North","4822"
"499","Porto Velho","Macapá","North","North",NA
"500","Porto Velho","Maceió","Northeast","North","4505"
"501","Porto Velho","Manaus","North","North","901"
"502","Porto Velho","Natal","Northeast","North","4998"
"503","Porto Velho","Palmas","Midwest","North",NA
"504","Porto Velho","Porto Alegre","South","North","3662"
"505","Porto Velho","Porto Velho","North","North","0"
"506","Porto Velho","Recife","Northeast","North","4712"
"507","Porto Velho","Rio Branco","North","North","544"
"508","Porto Velho","R. Janeiro","Southeast","North","3473"
"509","Porto Velho","Salvador","Northeast","North","4023"
"510","Porto Velho","São Luis","Northeast","North","4434"
"511","Porto Velho","São Paulo","Southeast","North","3070"
"512","Porto Velho","Teresina","Northeast","North","4366"
"513","Porto Velho","Vitória","Southeast","North","3575"
"514","Recife","Aracajú","Northeast","Northeast","501"
"515","Recife","Belém","North","Northeast","2074"
"516","Recife","Belo Horizonte","Southeast","Northeast","2061"
"517","Recife","Boa Vista","North","Northeast","6483"
"518","Recife","Brasília","Midwest","Northeast","2135"
"519","Recife","Campo Grande","Midwest","Northeast","3247"
"520","Recife","Cuiabá","Midwest","Northeast","3255"
"521","Recife","Curitiba","South","Northeast","3078"
"522","Recife","Florianópolis","South","Northeast","3375"
"523","Recife","Fortaleza","Northeast","Northeast","800"
"524","Recife","Goiânia","Midwest","Northeast","2332"
"525","Recife","João Pessoa","Northeast","Northeast","120"
"526","Recife","Macapá","North","Northeast",NA
"527","Recife","Maceió","Northeast","Northeast","285"
"528","Recife","Manaus","North","Northeast","5698"
"529","Recife","Natal","Northeast","Northeast","297"
"530","Recife","Palmas","Midwest","Northeast","2058"
"531","Recife","Porto Alegre","South","Northeast","3779"
"532","Recife","Porto Velho","North","Northeast","4712"
"533","Recife","Recife","Northeast","Northeast","0"
"534","Recife","Rio Branco","North","Northeast","5243"
"535","Recife","R. Janeiro","Southeast","Northeast","2338"
"536","Recife","Salvador","Northeast","Northeast","839"
"537","Recife","São Luis","Northeast","Northeast","1573"
"538","Recife","São Paulo","Southeast","Northeast","2660"
"539","Recife","Teresina","Northeast","Northeast","1137"
"540","Recife","Vitória","Southeast","Northeast","1831"
"541","Rio Branco","Aracajú","Northeast","North","4763"
"542","Rio Branco","Belém","North","North","4931"
"543","Rio Branco","Belo Horizonte","Southeast","North","3584"
"544","Rio Branco","Boa Vista","North","North","2230"
"545","Rio Branco","Brasília","Midwest","North","3123"
"546","Rio Branco","Campo Grande","Midwest","North","2684"
"547","Rio Branco","Cuiabá","Midwest","North","1990"
"548","Rio Branco","Curitiba","South","North","3669"
"549","Rio Branco","Florianópolis","South","North","3976"
"550","Rio Branco","Fortaleza","Northeast","North","5396"
"551","Rio Branco","Goiânia","Midwest","North","2924"
"552","Rio Branco","João Pessoa","Northeast","North","5356"
"553","Rio Branco","Macapá","North","North",NA
"554","Rio Branco","Maceió","Northeast","North","5039"
"555","Rio Branco","Manaus","North","North","1445"
"556","Rio Branco","Natal","Northeast","North","5533"
"557","Rio Branco","Palmas","Midwest","North","3764"
"558","Rio Branco","Porto Alegre","South","North","4196"
"559","Rio Branco","Porto Velho","North","North","544"
"560","Rio Branco","Recife","Northeast","North","5243"
"561","Rio Branco","Rio Branco","North","North","0"
"562","Rio Branco","R. Janeiro","Southeast","North","4007"
"563","Rio Branco","Salvador","Northeast","North","4457"
"564","Rio Branco","São Luis","Northeast","North","4968"
"565","Rio Branco","São Paulo","Southeast","North","3604"
"566","Rio Branco","Teresina","Northeast","North","4900"
"567","Rio Branco","Vitória","Southeast","North","4109"
"568","R. Janeiro","Aracajú","Northeast","Southeast","1855"
"569","R. Janeiro","Belém","North","Southeast","3250"
"570","R. Janeiro","Belo Horizonte","Southeast","Southeast","434"
"571","R. Janeiro","Boa Vista","North","Southeast","5159"
"572","R. Janeiro","Brasília","Midwest","Southeast","1148"
"573","R. Janeiro","Campo Grande","Midwest","Southeast","1444"
"574","R. Janeiro","Cuiabá","Midwest","Southeast","2017"
"575","R. Janeiro","Curitiba","South","Southeast","852"
"576","R. Janeiro","Florianópolis","South","Southeast","1144"
"577","R. Janeiro","Fortaleza","Northeast","Southeast","2805"
"578","R. Janeiro","Goiânia","Midwest","Southeast","1338"
"579","R. Janeiro","João Pessoa","Northeast","Southeast","2448"
"580","R. Janeiro","Macapá","North","Southeast",NA
"581","R. Janeiro","Maceió","Northeast","Southeast","2131"
"582","R. Janeiro","Manaus","North","Southeast","4374"
"583","R. Janeiro","Natal","Northeast","Southeast","2625"
"584","R. Janeiro","Palmas","Midwest","Southeast","2124"
"585","R. Janeiro","Porto Alegre","South","Southeast","1553"
"586","R. Janeiro","Porto Velho","North","Southeast","3473"
"587","R. Janeiro","Recife","Northeast","Southeast","2338"
"588","R. Janeiro","Rio Branco","North","Southeast","4007"
"589","R. Janeiro","R. Janeiro","Southeast","Southeast","0"
"590","R. Janeiro","Salvador","Northeast","Southeast","1649"
"591","R. Janeiro","São Luis","Northeast","Southeast","3015"
"592","R. Janeiro","São Paulo","Southeast","Southeast","429"
"593","R. Janeiro","Teresina","Northeast","Southeast","2579"
"594","R. Janeiro","Vitória","Southeast","Southeast","521"
"595","Salvador","Aracajú","Northeast","Northeast","356"
"596","Salvador","Belém","North","Northeast","2100"
"597","Salvador","Belo Horizonte","Southeast","Northeast","1372"
"598","Salvador","Boa Vista","North","Northeast","5794"
"599","Salvador","Brasília","Midwest","Northeast","1446"
"600","Salvador","Campo Grande","Midwest","Northeast","2568"
"601","Salvador","Cuiabá","Midwest","Northeast","2566"
"602","Salvador","Curitiba","South","Northeast","2385"
"603","Salvador","Florianópolis","South","Northeast","2682"
"604","Salvador","Fortaleza","Northeast","Northeast","1389"
"605","Salvador","Goiânia","Midwest","Northeast","1643"
"606","Salvador","João Pessoa","Northeast","Northeast","949"
"607","Salvador","Macapá","North","Northeast",NA
"608","Salvador","Maceió","Northeast","Northeast","632"
"609","Salvador","Manaus","North","Northeast","5009"
"610","Salvador","Natal","Northeast","Northeast","1126"
"611","Salvador","Palmas","Midwest","Northeast","1454"
"612","Salvador","Porto Alegre","South","Northeast","3090"
"613","Salvador","Porto Velho","North","Northeast","4023"
"614","Salvador","Recife","Northeast","Northeast","839"
"615","Salvador","Rio Branco","North","Northeast","4457"
"616","Salvador","R. Janeiro","Southeast","Northeast","1649"
"617","Salvador","Salvador","Northeast","Northeast","0"
"618","Salvador","São Luis","Northeast","Northeast","1599"
"619","Salvador","São Paulo","Southeast","Northeast","1962"
"620","Salvador","Teresina","Northeast","Northeast","1163"
"621","Salvador","Vitória","Southeast","Northeast","1202"
"622","São Luis","Aracajú","Northeast","Northeast","1578"
"623","São Luis","Belém","North","Northeast","806"
"624","São Luis","Belo Horizonte","Southeast","Northeast","2738"
"625","São Luis","Boa Vista","North","Northeast","6120"
"626","São Luis","Brasília","Midwest","Northeast","2157"
"627","São Luis","Campo Grande","Midwest","Northeast","2979"
"628","São Luis","Cuiabá","Midwest","Northeast","2978"
"629","São Luis","Curitiba","South","Northeast","3230"
"630","São Luis","Florianópolis","South","Northeast","3537"
"631","São Luis","Fortaleza","Northeast","Northeast","1070"
"632","São Luis","Goiânia","Midwest","Northeast","2054"
"633","São Luis","João Pessoa","Northeast","Northeast","1660"
"634","São Luis","Macapá","North","Northeast",NA
"635","São Luis","Maceió","Northeast","Northeast","1672"
"636","São Luis","Manaus","North","Northeast","5335"
"637","São Luis","Natal","Northeast","Northeast","1607"
"638","São Luis","Palmas","Midwest","Northeast","1386"
"639","São Luis","Porto Alegre","South","Northeast","3891"
"640","São Luis","Porto Velho","North","Northeast","4434"
"641","São Luis","Recife","Northeast","Northeast","1573"
"642","São Luis","Rio Branco","North","Northeast","4968"
"643","São Luis","R. Janeiro","Southeast","Northeast","3015"
"644","São Luis","Salvador","Northeast","Northeast","1599"
"645","São Luis","São Luis","Northeast","Northeast","0"
"646","São Luis","São Paulo","Southeast","Northeast","2970"
"647","São Luis","Teresina","Northeast","Northeast","446"
"648","São Luis","Vitória","Southeast","Northeast","2607"
"649","São Paulo","Aracajú","Northeast","Southeast","2187"
"650","São Paulo","Belém","North","Southeast","2933"
"651","São Paulo","Belo Horizonte","Southeast","Southeast","586"
"652","São Paulo","Boa Vista","North","Southeast","4756"
"653","São Paulo","Brasília","Midwest","Southeast","1015"
"654","São Paulo","Campo Grande","Midwest","Southeast","1014"
"655","São Paulo","Cuiabá","Midwest","Southeast","1614"
"656","São Paulo","Curitiba","South","Southeast","408"
"657","São Paulo","Florianópolis","South","Southeast","705"
"658","São Paulo","Fortaleza","Northeast","Southeast","3127"
"659","São Paulo","Goiânia","Midwest","Southeast","926"
"660","São Paulo","João Pessoa","Northeast","Southeast","2770"
"661","São Paulo","Macapá","North","Southeast",NA
"662","São Paulo","Maceió","Northeast","Southeast","2453"
"663","São Paulo","Manaus","North","Southeast","3971"
"664","São Paulo","Natal","Northeast","Southeast","2947"
"665","São Paulo","Palmas","Midwest","Southeast","1776"
"666","São Paulo","Porto Alegre","South","Southeast","1109"
"667","São Paulo","Porto Velho","North","Southeast","3070"
"668","São Paulo","Recife","Northeast","Southeast","2660"
"669","São Paulo","Rio Branco","North","Southeast","3604"
"670","São Paulo","R. Janeiro","Southeast","Southeast","429"
"671","São Paulo","Salvador","Northeast","Southeast","1962"
"672","São Paulo","São Luis","Northeast","Southeast","2970"
"673","São Paulo","São Paulo","Southeast","Southeast","0"
"674","São Paulo","Teresina","Northeast","Southeast","2792"
"675","São Paulo","Vitória","Southeast","Southeast","882"
"676","Teresina","Aracajú","Northeast","Northeast","1142"
"677","Teresina","Belém","North","Northeast","947"
"678","Teresina","Belo Horizonte","Southeast","Northeast","2302"
"679","Teresina","Boa Vista","North","Northeast","6052"
"680","Teresina","Brasília","Midwest","Northeast","1789"
"681","Teresina","Campo Grande","Midwest","Northeast","2911"
"682","Teresina","Cuiabá","Midwest","Northeast","2910"
"683","Teresina","Curitiba","South","Northeast","3143"
"684","Teresina","Florianópolis","South","Northeast","3450"
"685","Teresina","Fortaleza","Northeast","Northeast","634"
"686","Teresina","Goiânia","Midwest","Northeast","1986"
"687","Teresina","João Pessoa","Northeast","Northeast","1224"
"688","Teresina","Macapá","North","Northeast",NA
"689","Teresina","Maceió","Northeast","Northeast","1236"
"690","Teresina","Manaus","North","Northeast","5267"
"691","Teresina","Natal","Northeast","Northeast","1171"
"692","Teresina","Palmas","Midwest","Northeast","1401"
"693","Teresina","Porto Alegre","South","Northeast","3804"
"694","Teresina","Porto Velho","North","Northeast","4366"
"695","Teresina","Recife","Northeast","Northeast","1137"
"696","Teresina","Rio Branco","North","Northeast","4900"
"697","Teresina","R. Janeiro","Southeast","Northeast","2579"
"698","Teresina","Salvador","Northeast","Northeast","1163"
"699","Teresina","São Luis","Northeast","Northeast","446"
"700","Teresina","São Paulo","Southeast","Northeast","2792"
"701","Teresina","Teresina","Northeast","Northeast","0"
"702","Teresina","Vitória","Southeast","Northeast","2171"
"703","Vitória","Aracajú","Northeast","Southeast","1408"
"704","Vitória","Belém","North","Southeast","3108"
"705","Vitória","Belo Horizonte","Southeast","Southeast","524"
"706","Vitória","Boa Vista","North","Southeast","5261"
"707","Vitória","Brasília","Midwest","Southeast","1239"
"708","Vitória","Campo Grande","Midwest","Southeast","1892"
"709","Vitória","Cuiabá","Midwest","Southeast","2119"
"710","Vitória","Curitiba","South","Southeast","1300"
"711","Vitória","Florianópolis","South","Southeast","1597"
"712","Vitória","Fortaleza","Northeast","Southeast","2397"
"713","Vitória","Goiânia","Midwest","Southeast","1428"
"714","Vitória","João Pessoa","Northeast","Southeast","2001"
"715","Vitória","Macapá","North","Southeast",NA
"716","Vitória","Maceió","Northeast","Southeast","1684"
"717","Vitória","Manaus","North","Southeast","4476"
"718","Vitória","Natal","Northeast","Southeast","2178"
"719","Vitória","Palmas","Midwest","Southeast","2214"
"720","Vitória","Porto Alegre","South","Southeast","2001"
"721","Vitória","Porto Velho","North","Southeast","3575"
"722","Vitória","Recife","Northeast","Southeast","1831"
"723","Vitória","Rio Branco","North","Southeast","4109"
"724","Vitória","R. Janeiro","Southeast","Southeast","521"
"725","Vitória","Salvador","Northeast","Southeast","1202"
"726","Vitória","São Luis","Northeast","Southeast","2607"
"727","Vitória","São Paulo","Southeast","Southeast","882"
"728","Vitória","Teresina","Northeast","Southeast","2171"
"729","Vitória","Vitória","Southeast","Southeast","0"
